t_rel_s,label,rms_m
0.000,print,0.001574
0.025,print,0.001704
0.063,print,0.001699
0.092,print,0.001501
0.129,print,0.001408
0.159,print,0.001338
0.193,print,0.001198
0.226,print,0.001113
0.264,print,0.000852
0.290,print,0.000836
0.326,print,0.000786
0.359,print,0.000850
0.396,print,0.000892
0.425,print,0.000782
0.463,print,0.001552
0.498,print,0.000850
0.531,print,0.000669
0.574,print,0.000554
0.608,print,0.000533
0.656,print,0.000720
0.690,print,0.001094
0.734,print,0.001141
0.772,print,0.001100
0.822,print,0.000905
0.855,print,0.000773
0.895,print,0.000681
0.936,print,0.000611
0.972,print,0.000602
1.018,print,0.000697
1.057,print,0.000668
1.092,print,0.000669
1.140,print,0.000607
1.173,print,0.000579
1.223,print,0.000670
1.255,print,0.000618
1.291,print,0.000667
1.339,print,0.000804
1.372,print,0.000735
1.420,print,0.000713
1.453,print,0.000770
1.494,print,0.000673
1.536,print,0.000826
1.575,print,0.000875
1.619,print,0.000838
1.656,print,0.000775
1.699,print,0.000902
1.739,print,0.002004
1.776,print,0.023488
1.819,print,0.048062
1.857,print,0.081211
1.893,print,0.077036
1.940,print,0.086094
1.971,print,0.090645
2.019,print,0.087066
2.057,print,0.006609
2.093,print,0.001253
2.141,print,0.000614
2.254,print,0.000632
2.301,print,0.009303
2.339,print,0.008804
2.372,print,0.119103
2.422,print,0.118635
2.454,print,0.120014
2.503,print,0.148128
2.540,print,0.133473
2.581,print,0.148578
2.624,print,0.129489
2.659,print,0.129177
2.701,print,0.142510
2.738,print,0.134173
13.473,bonafide,0.006037
13.508,bonafide,0.008467
13.541,bonafide,0.009469
13.574,bonafide,0.009543
13.610,bonafide,0.009468
13.642,bonafide,0.009581
13.678,bonafide,0.009498
13.711,bonafide,0.009571
13.745,bonafide,0.009668
13.780,bonafide,0.009744
13.812,bonafide,0.009704
13.845,bonafide,0.009687
25.474,screen,0.099335
25.508,screen,0.002388
25.541,screen,0.003314
25.575,screen,0.002620
25.608,screen,0.002633
25.642,screen,0.002593
25.790,screen,0.001809
25.822,screen,0.001721
25.850,screen,0.001580
25.889,screen,0.001592
25.922,screen,0.001409
25.955,screen,0.001349
25.990,screen,0.001313
26.024,screen,0.001256
26.057,screen,0.001136
26.089,screen,0.001060
26.120,screen,0.000906
26.155,screen,0.000833
26.187,screen,0.000959
26.221,screen,0.000768
26.258,screen,0.000783
26.291,screen,0.000805
26.320,screen,0.000886
26.356,screen,0.000887
26.389,screen,0.000856
26.422,screen,0.000910
26.454,screen,0.000970
27.194,screen,0.000816
27.226,screen,0.000812
27.258,screen,0.000820
27.296,screen,0.000903
27.328,screen,0.000819
27.360,screen,0.000721
27.395,screen,0.000858
27.430,screen,0.000815
27.464,screen,0.000904
27.497,screen,0.000892
27.532,screen,0.000847
27.564,screen,0.000810
27.602,screen,0.000747
27.633,screen,0.000666
27.669,screen,0.000650
27.701,screen,0.000590
27.733,screen,0.000588
27.768,screen,0.000571
27.798,screen,0.000563
27.831,screen,0.000558
27.868,screen,0.000594
27.897,screen,0.000695
27.930,screen,0.000753
27.963,screen,0.000712
27.997,screen,0.000805
28.031,screen,0.000774
28.063,screen,0.000831
28.097,screen,0.000793
28.130,screen,0.000781
28.164,screen,0.000729
28.198,screen,0.000763
28.232,screen,0.000637
28.274,screen,0.000672
28.297,screen,0.000620
28.331,screen,0.000621
28.371,screen,0.000620
28.397,screen,0.000688
28.431,screen,0.000800
28.466,screen,0.000665
28.501,screen,0.000653
28.531,screen,0.000723
28.571,screen,0.000710
28.601,screen,0.000654
28.630,screen,0.000666
28.664,screen,0.000636
28.697,screen,0.000617
28.731,screen,0.000591
28.764,screen,0.000601
28.797,screen,0.000631
28.829,screen,0.000708
28.862,screen,0.000627
28.897,screen,0.000882
28.930,screen,0.000804
28.965,screen,0.000907
28.997,screen,0.001001
29.032,screen,0.000877
29.064,screen,0.000789
29.097,screen,0.000717
29.130,screen,0.000795
29.164,screen,0.000826
29.196,screen,0.000931
29.231,screen,0.000951
29.264,screen,0.001077
29.297,screen,0.000971
29.331,screen,0.000870
29.364,screen,0.000875
29.401,screen,0.000721
29.434,screen,0.000796
29.464,screen,0.000829
29.497,screen,0.000761
29.531,screen,0.000745
29.563,screen,0.000818
29.597,screen,0.000744
29.630,screen,0.000746
29.663,screen,0.000980
29.697,screen,0.001319
29.736,screen,0.001571
29.765,screen,0.001650
29.798,screen,0.001622
29.831,screen,0.001760
29.864,screen,0.001876
30.131,screen,0.002536
30.166,screen,0.002501
30.197,screen,0.002555
30.231,screen,0.002491
30.264,screen,0.002470
30.298,screen,0.002429
30.331,screen,0.002225
30.364,screen,0.002063
30.397,screen,0.001953
30.436,screen,0.001859
30.467,screen,0.001794
30.498,screen,0.001733
30.531,screen,0.001696
30.663,screen,0.001405
30.698,screen,0.001232
30.732,screen,0.001044
30.764,screen,0.000956
30.798,screen,0.000819
30.835,screen,0.000785
30.864,screen,0.000742
30.897,screen,0.000778
30.931,screen,0.000927
30.965,screen,0.000862
31.003,screen,0.000675
31.031,screen,0.000738
31.064,screen,0.000803
31.098,screen,0.000795
31.136,screen,0.000866
31.165,screen,0.000761
31.197,screen,0.000707
31.230,screen,0.000632
31.264,screen,0.000652
31.298,screen,0.000607
31.325,screen,0.000699
31.364,screen,0.000718
31.398,screen,0.000632
31.431,screen,0.000652
31.463,screen,0.000654
31.498,screen,0.000731
35.330,screen,0.108153
35.363,screen,0.105068
35.395,screen,0.114015
35.428,screen,0.109655
35.461,screen,0.049108
42.422,screen,0.001001
42.455,screen,0.000970
42.489,screen,0.000951
42.523,screen,0.000893
42.555,screen,0.000883
42.588,screen,0.000854
42.621,screen,0.000781
42.657,screen,0.000808
42.689,screen,0.000775
42.722,screen,0.000723
42.755,screen,0.000729
42.788,screen,0.000868
42.827,screen,0.000792
42.869,screen,0.000680
42.908,screen,0.000681
42.954,screen,0.000699
42.989,screen,0.000704
43.041,screen,0.000751
43.077,screen,0.000726
43.123,screen,0.000693
43.158,screen,0.000702
43.195,screen,0.000800
43.241,screen,0.000957
43.276,screen,0.000890
43.322,screen,0.000876
43.357,screen,0.000969
43.401,screen,0.000958
43.440,screen,0.001059
43.480,screen,0.000923
43.522,screen,0.000938
43.560,screen,0.000931
43.603,screen,0.000875
43.643,screen,0.000847
43.679,screen,0.000859
43.724,screen,0.000950
43.760,screen,0.000854
43.805,screen,0.000842
43.841,screen,0.000793
43.885,screen,0.000840
43.922,screen,0.000861
43.961,screen,0.000765
44.006,screen,0.000718
44.042,screen,0.000683
44.084,screen,0.000743
44.125,screen,0.000788
44.162,screen,0.000742
44.204,screen,0.000754
44.242,screen,0.000777
44.285,screen,0.000789
44.324,screen,0.000891
44.363,screen,0.001016
44.405,screen,0.001050
44.442,screen,0.001092
44.488,screen,0.001221
44.525,screen,0.001271
44.566,screen,0.001270
44.605,screen,0.001375
44.644,screen,0.001307
44.688,screen,0.001349
44.725,screen,0.001271
44.766,screen,0.001412
44.808,screen,0.001416
44.845,screen,0.001566
44.890,screen,0.001625
44.925,screen,0.001626
44.969,screen,0.001619
45.009,screen,0.001677
45.046,screen,0.001726
45.090,screen,0.001767
45.125,screen,0.001772
45.170,screen,0.001700
45.208,screen,0.001625
45.245,screen,0.001542
45.291,screen,0.001412
46.773,screen,0.000867
46.808,screen,0.000708
46.851,screen,0.000702
46.891,screen,0.000731
46.936,screen,0.000731
46.975,screen,0.000735
47.012,screen,0.000826
47.055,screen,0.000756
47.093,screen,0.000756
47.138,screen,0.000733
47.175,screen,0.000677
47.220,screen,0.000687
47.257,screen,0.000617
47.296,screen,0.000548
47.339,screen,0.000558
47.376,screen,0.000559
47.418,screen,0.000576
47.459,screen,0.000552
47.494,screen,0.000551
47.540,screen,0.000560
47.576,screen,0.000569
47.618,screen,0.000555
47.658,screen,0.000588
47.696,screen,0.000574
47.738,screen,0.000557
47.778,screen,0.000555
47.822,screen,0.000582
47.856,screen,0.000617
47.895,screen,0.000623
47.940,screen,0.000820
47.974,screen,0.000824
48.022,screen,0.000675
48.057,screen,0.000643
48.096,screen,0.000599
48.141,screen,0.000665
48.174,screen,0.000658
48.214,screen,0.000793
48.256,screen,0.000815
48.295,screen,0.000944
48.337,screen,0.001014
48.898,screen,0.001044
48.941,screen,0.000958
48.979,screen,0.000858
49.020,screen,0.000875
49.063,screen,0.000850
49.101,screen,0.000795
49.144,screen,0.000766
49.183,screen,0.000680
49.224,screen,0.000637
49.264,screen,0.000636
49.305,screen,0.000637
49.343,screen,0.000636
49.384,screen,0.000638
49.424,screen,0.000649
49.464,screen,0.000662
49.506,screen,0.000706
49.545,screen,0.000711
49.587,screen,0.000712
49.624,screen,0.000743
49.665,screen,0.000707
49.707,screen,0.000669
49.746,screen,0.000647
49.785,screen,0.000629
49.826,screen,0.000612
49.865,screen,0.000563
49.905,screen,0.000604
49.944,screen,0.000706
49.983,screen,0.000860
50.027,screen,0.000784
50.067,screen,0.000696
50.105,screen,0.000663
50.148,screen,0.000681
50.187,screen,0.000682
50.225,screen,0.000675
50.262,screen,0.000817
50.300,screen,0.000881
50.343,screen,0.000843
50.383,screen,0.000780
50.423,screen,0.000768
50.463,screen,0.000696
50.506,screen,0.000685
50.547,screen,0.000770
50.588,screen,0.000693
50.628,screen,0.000706
50.670,screen,0.000668
50.710,screen,0.000663
50.749,screen,0.000627
50.789,screen,0.000623
50.829,screen,0.000601
50.869,screen,0.000601
50.910,screen,0.000670
50.950,screen,0.000668
50.992,screen,0.000620
51.031,screen,0.000673
51.070,screen,0.000639
51.110,screen,0.000611
51.153,screen,0.000609
51.191,screen,0.000597
51.230,screen,0.000628
51.272,screen,0.000626
51.310,screen,0.000624
51.356,screen,0.000578
51.391,screen,0.000564
51.429,screen,0.000548
51.473,screen,0.000549
51.510,screen,0.000555
51.555,screen,0.000587
51.592,screen,0.000610
51.632,screen,0.000587
51.674,screen,0.000549
51.711,screen,0.000576
51.756,screen,0.000598
51.793,screen,0.000612
51.834,screen,0.000606
51.876,screen,0.000590
51.913,screen,0.000624
51.957,screen,0.000668
51.992,screen,0.000718
52.039,screen,0.000646
52.073,screen,0.000643
52.112,screen,0.000632
52.156,screen,0.000660
52.192,screen,0.000655
52.239,screen,0.000641
52.274,screen,0.000652
52.320,screen,0.000638
52.356,screen,0.000636
52.397,screen,0.000631
52.439,screen,0.000611
52.476,screen,0.000646
52.515,screen,0.000643
52.558,screen,0.000706
52.597,screen,0.000693
52.639,screen,0.000695
52.676,screen,0.000719
52.719,screen,0.000721
52.758,screen,0.000688
52.797,screen,0.000637
52.838,screen,0.000626
52.876,screen,0.000632
52.917,screen,0.000613
52.959,screen,0.000611
52.996,screen,0.000621
53.040,screen,0.000624
53.076,screen,0.000661
53.119,screen,0.000653
53.160,screen,0.000604
53.200,screen,0.000628
53.239,screen,0.000596
53.279,screen,0.000555
53.323,screen,0.000542
53.358,screen,0.000535
53.396,screen,0.000576
53.440,screen,0.000624
53.475,screen,0.000593
53.519,screen,0.000618
53.559,screen,0.000673
53.596,screen,0.000845
53.641,screen,0.000869
53.675,screen,0.000821
53.722,screen,0.000848
53.761,screen,0.000787
53.804,screen,0.000804
53.840,screen,0.000869
53.881,screen,0.000906
53.922,screen,0.000925
53.963,screen,0.000934
54.001,screen,0.001015
54.041,screen,0.001144
54.083,screen,0.001223
54.126,screen,0.001285
54.161,screen,0.001294
54.202,screen,0.001409
54.243,screen,0.001380
54.284,screen,0.001357
54.321,screen,0.001371
54.362,screen,0.001359
54.403,screen,0.001301
54.444,screen,0.001284
54.482,screen,0.001221
54.524,screen,0.001172
54.564,screen,0.001154
54.604,screen,0.001119
54.644,screen,0.001055
54.684,screen,0.001027
54.724,screen,0.000982
54.768,screen,0.000941
54.802,screen,0.000953
54.844,screen,0.000951
54.881,screen,0.001008
54.922,screen,0.000962
54.960,screen,0.000803
55.007,screen,0.000725
55.046,screen,0.000655
55.086,screen,0.000620
55.122,screen,0.000609
55.161,screen,0.000606
55.205,screen,0.000874
55.245,screen,0.000968
55.284,screen,0.000867
55.328,screen,0.001068
55.365,screen,0.001249
55.407,screen,0.001340
55.448,screen,0.001385
55.489,screen,0.001467
55.526,screen,0.001558
55.565,screen,0.001767
55.606,screen,0.001799
55.648,screen,0.001746
55.688,screen,0.001797
55.727,screen,0.001692
55.768,screen,0.001676
55.809,screen,0.001664
55.847,screen,0.001561
55.889,screen,0.001356
55.930,screen,0.001196
55.968,screen,0.001104
56.010,screen,0.000985
56.050,screen,0.000868
56.088,screen,0.000793
56.132,screen,0.000739
56.171,screen,0.000708
56.211,screen,0.000706
56.251,screen,0.000686
56.290,screen,0.000656
56.331,screen,0.000598
56.372,screen,0.000601
56.411,screen,0.000605
56.454,screen,0.000643
56.490,screen,0.000730
56.529,screen,0.000604
56.574,screen,0.000592
56.611,screen,0.000580
56.656,screen,0.000638
56.693,screen,0.000691
56.728,screen,0.000667
56.776,screen,0.000664
56.813,screen,0.000713
56.852,screen,0.000737
56.893,screen,0.000701
56.931,screen,0.000729
56.974,screen,0.000579
57.012,screen,0.000554
57.055,screen,0.000595
57.092,screen,0.000617
57.132,screen,0.000578
57.175,screen,0.000600
57.212,screen,0.000683
57.256,screen,0.000763
57.294,screen,0.000597
57.332,screen,0.000600
57.376,screen,0.000580
57.412,screen,0.000583
57.458,screen,0.000579
57.492,screen,0.000582
57.535,screen,0.000625
57.576,screen,0.000585
57.612,screen,0.000610
57.659,screen,0.000613
57.692,screen,0.000575
57.732,screen,0.000613
57.775,screen,0.000612
57.810,screen,0.000771
57.857,screen,0.000774
57.892,screen,0.000712
57.939,screen,0.000800
58.012,screen,0.000693
58.054,screen,0.000687
58.093,screen,0.000664
58.139,screen,0.000720
58.176,screen,0.000724
58.218,screen,0.000666
58.260,screen,0.000625
58.294,screen,0.000663
58.340,screen,0.000645
58.375,screen,0.000645
58.419,screen,0.000655
58.459,screen,0.000684
58.495,screen,0.000641
58.540,screen,0.000628
58.576,screen,0.000563
58.618,screen,0.000733
58.658,screen,0.000868
58.697,screen,0.001015
58.741,screen,0.001167
58.777,screen,0.001064
58.820,screen,0.001101
58.858,screen,0.001095
58.897,screen,0.001076
58.943,screen,0.000941
58.976,screen,0.000899
59.022,screen,0.000930
59.058,screen,0.000954
59.099,screen,0.001030
59.142,screen,0.001179
59.177,screen,0.001576
59.220,screen,0.001785
59.260,screen,0.001708
59.302,screen,0.001067
59.341,screen,0.000789
59.378,screen,0.000697
59.423,screen,0.000683
59.460,screen,0.000707
59.498,screen,0.000647
59.542,screen,0.000642
59.577,screen,0.000597
59.622,screen,0.000601
68.223,screen,0.001185
68.258,screen,0.000855
68.291,screen,0.002032
68.324,screen,0.002463
68.359,screen,0.002299
68.393,screen,0.001746
68.435,screen,0.001431
68.470,screen,0.001148
68.502,screen,0.000995
68.537,screen,0.000929
68.571,screen,0.000788
68.606,screen,0.000837
69.951,screen,0.000746
69.994,screen,0.000637
70.029,screen,0.000623
70.075,screen,0.000671
70.111,screen,0.000683
70.150,screen,0.000651
70.195,screen,0.000665
70.241,screen,0.000628
70.278,screen,0.000618
70.316,screen,0.000551
70.362,screen,0.000541
70.395,screen,0.000514
70.443,screen,0.000603
70.479,screen,0.000609
70.516,screen,0.000626
70.561,screen,0.000785
70.595,screen,0.000693
70.644,screen,0.000640
70.678,screen,0.000646
70.721,screen,0.000602
70.760,screen,0.000543
70.798,screen,0.000537
70.842,screen,0.000496
70.879,screen,0.000481
70.921,screen,0.000494
70.959,screen,0.000465
70.997,screen,0.000530
71.044,screen,0.000539
71.078,screen,0.000583
71.123,screen,0.000544
71.162,screen,0.000520
71.199,screen,0.000525
71.245,screen,0.000495
71.276,screen,0.000483
71.323,screen,0.000496
71.362,screen,0.000511
71.399,screen,0.000510
71.448,screen,0.000519
71.480,screen,0.000501
71.529,screen,0.000515
71.562,screen,0.000508
71.601,screen,0.000487
71.644,screen,0.000528
71.680,screen,0.000606
71.728,screen,0.000643
71.760,screen,0.000643
71.808,screen,0.000624
71.842,screen,0.000582
71.877,screen,0.000600
71.921,screen,0.000632
71.960,screen,0.000630
71.998,screen,0.000586
72.042,screen,0.000761
72.247,screen,0.000566
72.277,screen,0.000777
72.325,screen,0.000862
72.361,screen,0.000654
72.407,screen,0.000644
72.447,screen,0.000626
72.499,screen,0.000596
72.520,screen,0.000549
72.566,screen,0.000555
72.608,screen,0.000552
72.645,screen,0.000569
72.688,screen,0.000570
72.731,screen,0.000488
72.762,screen,0.000475
72.811,screen,0.000615
72.843,screen,0.000589
72.884,screen,0.000606
72.929,screen,0.000651
72.966,screen,0.000590
73.011,screen,0.000524
73.045,screen,0.000530
73.088,screen,0.000530
73.130,screen,0.000528
73.166,screen,0.000539
73.210,screen,0.000548
73.247,screen,0.000658
73.290,screen,0.000686
73.327,screen,0.000678
73.366,screen,0.000727
73.412,screen,0.000654
73.446,screen,0.000620
73.495,screen,0.000637
73.529,screen,0.000658
73.573,screen,0.000649
73.610,screen,0.000619
73.647,screen,0.000597
73.694,screen,0.000628
73.729,screen,0.000592
73.774,screen,0.000511
73.813,screen,0.000496
73.848,screen,0.000495
73.894,screen,0.000478
73.927,screen,0.000447
73.966,screen,0.000449
74.008,screen,0.000510
74.048,screen,0.000594
74.088,screen,0.000662
74.129,screen,0.000680
74.167,screen,0.000695
74.210,screen,0.000673
74.247,screen,0.000624
74.293,screen,0.000700
74.328,screen,0.000610
74.368,screen,0.000811
74.411,screen,0.000757
74.445,screen,0.000712
74.494,screen,0.000772
74.529,screen,0.000753
74.568,screen,0.000760
74.613,screen,0.000765
74.647,screen,0.000890
74.694,screen,0.000725
74.729,screen,0.000777
74.771,screen,0.000724
75.375,screen,0.000796
75.414,screen,0.000690
75.449,screen,0.000623
75.497,screen,0.000628
75.540,screen,0.000689
75.580,screen,0.000638
75.617,screen,0.000595
75.662,screen,0.000531
75.696,screen,0.000514
75.738,screen,0.000530
75.780,screen,0.000506
75.817,screen,0.000520
75.863,screen,0.000513
75.895,screen,0.000507
75.943,screen,0.000504
75.978,screen,0.000522
76.016,screen,0.000506
76.061,screen,0.000552
76.096,screen,0.000517
76.141,screen,0.000522
76.178,screen,0.000522
76.220,screen,0.000500
76.261,screen,0.000514
76.297,screen,0.000531
76.342,screen,0.000529
76.378,screen,0.000542
76.420,screen,0.000535
76.457,screen,0.000534
76.494,screen,0.000660
76.543,screen,0.000669
76.578,screen,0.000650
76.625,screen,0.000673
76.660,screen,0.000590
76.699,screen,0.000570
76.744,screen,0.000547
76.780,screen,0.000535
76.825,screen,0.000520
76.862,screen,0.000540
76.900,screen,0.000517
76.944,screen,0.000517
76.977,screen,0.000557
77.022,screen,0.000664
77.062,screen,0.000673
77.104,screen,0.000641
77.142,screen,0.000603
77.179,screen,0.000579
77.216,screen,0.000550
77.260,screen,0.000656
77.298,screen,0.000673
77.343,screen,0.000666
77.377,screen,0.000649
77.426,screen,0.000697
77.460,screen,0.000654
77.509,screen,0.000579
77.546,screen,0.000558
77.582,screen,0.000513
77.626,screen,0.000487
77.661,screen,0.000550
77.705,screen,0.000506
77.745,screen,0.000493
77.782,screen,0.000520
77.829,screen,0.000497
77.864,screen,0.000492
77.909,screen,0.000482
77.945,screen,0.000458
77.991,screen,0.000450
78.026,screen,0.000477
78.065,screen,0.000473
78.109,screen,0.000470
78.143,screen,0.000457
78.191,screen,0.000447
78.229,screen,0.000441
78.264,screen,0.000454
78.310,screen,0.000440
78.345,screen,0.000462
78.392,screen,0.000477
78.430,screen,0.000469
78.466,screen,0.000456
78.511,screen,0.000457
78.547,screen,0.000463
78.591,screen,0.000442
78.629,screen,0.000466
78.665,screen,0.000495
78.711,screen,0.000511
78.745,screen,0.000600
78.791,screen,0.000660
78.828,screen,0.000802
78.867,screen,0.000856
78.912,screen,0.001051
78.947,screen,0.001095
78.996,screen,0.001415
79.028,screen,0.001715
79.072,screen,0.001857
79.110,screen,0.002183
79.149,screen,0.002325
79.193,screen,0.002287
79.229,screen,0.002450
79.274,screen,0.002289
79.311,screen,0.002253
79.350,screen,0.002426
79.395,screen,0.002364
79.428,screen,0.002292
79.475,screen,0.002170
79.512,screen,0.002341
79.554,screen,0.002363
79.594,screen,0.002257
79.631,screen,0.002076
79.675,screen,0.002098
79.710,screen,0.002019
79.754,screen,0.001780
79.794,screen,0.001631
79.831,screen,0.001308
79.877,screen,0.001155
79.910,screen,0.001042
79.954,screen,0.000972
79.995,screen,0.001087
80.031,screen,0.001168
80.077,screen,0.001158
80.111,screen,0.001140
80.154,screen,0.001081
80.193,screen,0.000895
80.229,screen,0.000775
80.274,screen,0.000802
80.311,screen,0.000754
80.358,screen,0.000843
80.395,screen,0.000957
80.433,screen,0.001005
80.479,screen,0.000989
80.514,screen,0.000957
80.559,screen,0.000990
80.596,screen,0.000943
80.638,screen,0.000880
80.677,screen,0.000846
80.716,screen,0.000744
80.760,screen,0.000668
80.793,screen,0.000631
80.839,screen,0.000634
80.878,screen,0.000633
80.915,screen,0.000667
80.960,screen,0.000645
80.996,screen,0.000648
81.041,screen,0.000743
81.078,screen,0.000843
81.116,screen,0.001021
81.159,screen,0.001194
81.195,screen,0.001453
81.239,screen,0.001301
81.278,screen,0.001162
81.315,screen,0.001050
81.362,screen,0.000972
81.396,screen,0.000984
81.443,screen,0.000921
81.479,screen,0.000863
81.521,screen,0.000778
81.560,screen,0.000737
81.598,screen,0.000687
81.642,screen,0.000668
81.678,screen,0.000664
81.721,screen,0.000657
81.762,screen,0.000648
81.799,screen,0.000678
81.843,screen,0.000739
81.878,screen,0.000818
81.921,screen,0.001099
81.960,screen,0.001128
81.999,screen,0.001135
82.043,screen,0.001107
82.080,screen,0.000982
82.126,screen,0.000878
82.162,screen,0.000817
82.200,screen,0.000801
82.245,screen,0.000764
82.282,screen,0.000724
82.326,screen,0.000719
82.361,screen,0.000668
82.399,screen,0.000570
82.442,screen,0.000582
82.477,screen,0.000720
82.517,screen,0.000696
82.561,screen,0.000709
82.600,screen,0.000722
82.645,screen,0.000683
83.530,screen,0.000778
83.560,screen,0.000633
83.605,screen,0.000610
83.645,screen,0.000574
83.688,screen,0.000722
83.730,screen,0.000700
83.765,screen,0.000684
83.810,screen,0.000739
83.847,screen,0.000772
83.891,screen,0.000829
83.927,screen,0.000864
83.967,screen,0.000930
84.010,screen,0.000932
84.046,screen,0.000909
84.093,screen,0.000863
84.129,screen,0.000761
84.171,screen,0.000673
84.210,screen,0.000627
84.248,screen,0.000612
84.293,screen,0.000585
84.327,screen,0.000564
84.373,screen,0.000550
84.414,screen,0.000541
84.446,screen,0.000504
84.493,screen,0.000576
84.528,screen,0.000561
84.569,screen,0.000608
84.611,screen,0.000659
84.646,screen,0.000662
84.693,screen,0.000587
84.729,screen,0.000571
84.772,screen,0.000584
84.811,screen,0.000610
84.847,screen,0.000687
84.889,screen,0.000806
84.928,screen,0.000679
84.972,screen,0.000642
85.009,screen,0.000563
85.046,screen,0.000595
85.092,screen,0.000589
85.127,screen,0.000584
85.167,screen,0.000679
85.211,screen,0.000608
85.248,screen,0.000692
85.287,screen,0.000688
85.326,screen,0.000769
85.370,screen,0.000704
85.413,screen,0.000744
85.454,screen,0.000663
85.493,screen,0.000638
85.532,screen,0.000669
85.575,screen,0.000631
85.614,screen,0.000710
85.653,screen,0.000732
85.695,screen,0.000732
85.734,screen,0.000716
85.776,screen,0.000746
85.815,screen,0.000702
85.855,screen,0.000698
85.895,screen,0.000667
85.936,screen,0.000648
85.976,screen,0.000603
86.016,screen,0.000583
86.056,screen,0.000571
86.096,screen,0.000579
86.137,screen,0.000596
86.177,screen,0.000637
86.216,screen,0.000701
86.257,screen,0.000825
86.297,screen,0.000925
86.336,screen,0.000999
86.379,screen,0.001016
86.419,screen,0.000963
86.458,screen,0.000958
86.497,screen,0.000978
86.537,screen,0.001008
86.579,screen,0.001152
86.616,screen,0.001186
86.659,screen,0.001184
86.698,screen,0.001146
86.742,screen,0.001134
86.779,screen,0.001052
86.817,screen,0.000961
86.859,screen,0.000872
86.899,screen,0.000820
86.940,screen,0.000745
86.980,screen,0.000732
87.019,screen,0.000664
87.060,screen,0.000611
87.100,screen,0.000624
87.140,screen,0.000836
87.181,screen,0.001065
87.220,screen,0.001209
87.258,screen,0.001441
87.300,screen,0.001848
87.341,screen,0.001724
87.381,screen,0.001746
87.421,screen,0.001811
87.463,screen,0.001675
87.500,screen,0.001549
87.542,screen,0.001466
87.583,screen,0.001341
87.622,screen,0.001285
87.662,screen,0.001203
87.700,screen,0.001095
87.743,screen,0.001018
87.780,screen,0.000935
87.819,screen,0.000743
87.860,screen,0.000699
87.899,screen,0.000768
87.941,screen,0.000881
88.461,screen,0.000731
88.500,screen,0.000685
88.540,screen,0.000748
88.581,screen,0.000702
88.622,screen,0.000721
88.662,screen,0.000652
88.703,screen,0.000594
88.746,screen,0.000576
88.783,screen,0.000549
88.826,screen,0.000541
88.866,screen,0.000519
88.906,screen,0.000487
88.948,screen,0.000494
88.988,screen,0.000476
89.026,screen,0.000479
89.065,screen,0.000479
89.109,screen,0.000473
89.147,screen,0.000539
89.188,screen,0.000517
89.230,screen,0.000519
89.267,screen,0.000503
89.310,screen,0.000481
89.347,screen,0.000483
89.388,screen,0.000459
89.426,screen,0.000448
89.471,screen,0.000443
89.509,screen,0.000430
89.549,screen,0.000427
89.589,screen,0.000434
89.630,screen,0.000444
89.667,screen,0.000442
89.710,screen,0.000485
89.749,screen,0.000502
89.791,screen,0.000520
89.829,screen,0.000506
89.869,screen,0.000553
89.912,screen,0.000547
89.950,screen,0.000488
89.994,screen,0.000512
90.029,screen,0.000490
90.069,screen,0.000477
90.110,screen,0.000515
90.148,screen,0.000505
90.193,screen,0.000515
90.231,screen,0.000599
90.270,screen,0.000552
90.311,screen,0.000569
90.351,screen,0.000596
90.392,screen,0.000553
90.439,screen,0.000520
90.472,screen,0.000514
90.512,screen,0.000499
90.551,screen,0.000504
90.592,screen,0.000525
90.631,screen,0.000602
90.674,screen,0.000610
90.713,screen,0.000613
90.754,screen,0.000576
90.794,screen,0.000572
90.832,screen,0.000534
90.867,screen,0.000499
90.910,screen,0.000559
90.954,screen,0.000558
90.996,screen,0.000527
91.033,screen,0.000572
91.073,screen,0.000579
91.111,screen,0.000626
91.153,screen,0.000596
91.197,screen,0.000588
91.235,screen,0.000588
91.276,screen,0.000574
91.316,screen,0.000544
91.358,screen,0.000519
91.396,screen,0.000489
91.436,screen,0.000493
91.476,screen,0.000495
91.518,screen,0.000472
91.557,screen,0.000473
91.597,screen,0.000502
91.636,screen,0.000474
91.679,screen,0.000557
91.715,screen,0.000605
91.758,screen,0.000656
91.798,screen,0.000648
91.836,screen,0.000681
91.878,screen,0.000710
91.917,screen,0.000706
91.958,screen,0.000733
91.998,screen,0.000761
92.037,screen,0.000716
92.076,screen,0.000701
92.119,screen,0.000670
92.159,screen,0.000648
92.200,screen,0.000613
92.241,screen,0.000602
92.280,screen,0.000589
92.319,screen,0.000561
92.361,screen,0.000525
92.400,screen,0.000522
92.442,screen,0.000504
92.481,screen,0.000481
92.520,screen,0.000462
92.562,screen,0.000469
92.600,screen,0.000452
92.640,screen,0.000463
92.683,screen,0.000463
92.720,screen,0.000472
92.760,screen,0.000437
92.801,screen,0.000461
92.844,screen,0.000441
92.882,screen,0.000435
92.924,screen,0.000439
92.962,screen,0.000430
93.001,screen,0.000426
93.044,screen,0.000420
93.083,screen,0.000421
93.127,screen,0.000425
93.163,screen,0.000460
93.204,screen,0.000443
93.246,screen,0.000445
93.282,screen,0.000455
93.323,screen,0.000441
93.366,screen,0.000437
93.404,screen,0.000448
93.443,screen,0.000428
93.484,screen,0.000414
93.526,screen,0.000417
93.564,screen,0.000425
93.605,screen,0.000427
93.644,screen,0.000415
93.688,screen,0.000389
93.726,screen,0.000400
93.766,screen,0.000412
93.805,screen,0.000407
93.846,screen,0.000430
93.886,screen,0.000471
93.926,screen,0.000437
93.967,screen,0.000491
94.008,screen,0.000463
94.046,screen,0.000459
94.086,screen,0.000450
94.127,screen,0.000499
94.169,screen,0.000524
94.210,screen,0.000521
94.248,screen,0.000495
94.286,screen,0.000474
94.331,screen,0.000465
94.368,screen,0.000467
94.408,screen,0.000463
94.449,screen,0.000490
94.488,screen,0.000484
94.530,screen,0.000469
94.569,screen,0.000462
94.609,screen,0.000456
94.649,screen,0.000451
94.688,screen,0.000432
94.733,screen,0.000428
94.767,screen,0.000426
94.811,screen,0.000425
94.848,screen,0.000440
94.888,screen,0.000470
94.929,screen,0.000485
94.970,screen,0.000511
95.010,screen,0.000511
95.050,screen,0.000508
95.091,screen,0.000573
95.130,screen,0.000644
95.170,screen,0.000638
95.211,screen,0.000649
95.250,screen,0.000656
95.292,screen,0.000640
95.332,screen,0.000620
95.369,screen,0.000616
95.411,screen,0.000604
95.453,screen,0.000590
95.495,screen,0.000583
95.535,screen,0.000571
95.572,screen,0.000559
95.613,screen,0.000519
95.653,screen,0.000513
95.693,screen,0.000503
95.734,screen,0.000466
95.774,screen,0.000477
95.816,screen,0.000483
95.853,screen,0.000477
95.892,screen,0.000479
95.933,screen,0.000475
95.975,screen,0.000478
96.014,screen,0.000471
96.056,screen,0.000479
96.093,screen,0.000470
96.135,screen,0.000462
96.174,screen,0.000473
96.215,screen,0.000465
96.254,screen,0.000460
96.294,screen,0.000515
96.333,screen,0.000662
96.378,screen,0.000687
96.414,screen,0.000742
96.459,screen,0.000786
96.494,screen,0.000890
96.534,screen,0.001000
96.575,screen,0.001001
96.615,screen,0.000975
96.655,screen,0.000846
96.696,screen,0.000776
96.735,screen,0.000811
96.776,screen,0.000682
96.816,screen,0.000648
96.857,screen,0.000670
96.895,screen,0.000793
96.935,screen,0.000738
96.979,screen,0.000727
97.016,screen,0.000693
97.060,screen,0.000754
97.096,screen,0.001049
97.135,screen,0.001118
97.178,screen,0.001515
97.216,screen,0.001693
97.259,screen,0.001447
97.298,screen,0.001526
97.338,screen,0.001284
97.379,screen,0.001260
97.419,screen,0.001117
97.461,screen,0.000928
97.500,screen,0.000862
97.539,screen,0.000760
97.579,screen,0.000705
97.620,screen,0.000740
97.660,screen,0.000731
97.697,screen,0.000670
97.746,screen,0.000640
97.780,screen,0.000720
97.822,screen,0.000665
97.864,screen,0.000688
97.901,screen,0.000665
97.945,screen,0.000726
97.981,screen,0.000689
98.021,screen,0.000562
98.063,screen,0.000624
98.099,screen,0.000635
98.144,screen,0.000544
98.177,screen,0.000612
98.219,screen,0.000733
98.262,screen,0.000697
98.301,screen,0.000605
98.346,screen,0.000630
98.381,screen,0.000566
98.425,screen,0.000552
98.462,screen,0.000512
98.505,screen,0.000574
98.546,screen,0.000668
98.583,screen,0.000650
98.627,screen,0.000700
98.663,screen,0.000701
98.706,screen,0.000681
98.746,screen,0.000680
98.784,screen,0.000723
98.828,screen,0.000636
98.864,screen,0.000644
98.909,screen,0.000625
98.948,screen,0.000695
98.985,screen,0.000769
99.029,screen,0.000721
99.064,screen,0.000662
99.110,screen,0.000600
99.146,screen,0.000535
99.189,screen,0.000502
99.228,screen,0.000540
99.265,screen,0.000523
99.311,screen,0.000580
99.347,screen,0.000561
99.392,screen,0.000533
99.428,screen,0.000510
99.467,screen,0.000529
99.512,screen,0.000528
99.546,screen,0.000544
99.585,screen,0.000534
99.626,screen,0.000640
99.868,screen,0.000682
99.907,screen,0.000628
99.949,screen,0.000637
99.996,screen,0.000721
100.030,screen,0.000746
100.067,screen,0.000764
100.829,screen,0.000634
100.866,screen,0.000608
100.910,screen,0.000611
100.946,screen,0.000647
100.993,screen,0.000607
101.029,screen,0.000672
101.077,screen,0.000616
101.112,screen,0.000556
101.156,screen,0.000556
101.198,screen,0.000563
101.235,screen,0.000531
101.279,screen,0.000533
101.313,screen,0.000522
101.356,screen,0.000483
101.398,screen,0.000494
101.434,screen,0.000491
101.478,screen,0.000540
101.514,screen,0.000705
101.557,screen,0.000829
101.596,screen,0.000876
101.634,screen,0.000947
101.678,screen,0.000971
101.715,screen,0.001040
101.756,screen,0.001030
101.797,screen,0.001013
101.833,screen,0.000913
101.876,screen,0.000891
101.912,screen,0.000787
101.953,screen,0.000733
101.995,screen,0.000663
102.032,screen,0.000682
102.078,screen,0.000650
102.115,screen,0.000564
102.151,screen,0.000546
102.194,screen,0.000581
102.233,screen,0.000633
102.278,screen,0.000588
102.312,screen,0.000586
102.359,screen,0.000566
102.396,screen,0.000532
102.439,screen,0.000503
102.480,screen,0.000506
102.518,screen,0.000523
102.560,screen,0.000516
102.598,screen,0.000508
102.642,screen,0.000509
102.678,screen,0.000499
102.718,screen,0.000547
102.761,screen,0.000485
102.799,screen,0.000480
102.844,screen,0.000480
102.880,screen,0.000438
102.917,screen,0.000473
102.960,screen,0.000479
102.996,screen,0.000465
103.035,screen,0.000538
103.078,screen,0.000611
103.118,screen,0.000609
103.164,screen,0.000637
103.200,screen,0.000579
103.243,screen,0.000531
103.281,screen,0.000511
103.324,screen,0.000552
103.361,screen,0.000635
103.397,screen,0.000687
103.444,screen,0.000787
103.481,screen,0.000776
103.522,screen,0.000788
103.561,screen,0.000783
103.600,screen,0.000734
103.646,screen,0.000767
103.679,screen,0.000754
103.718,screen,0.000753
103.760,screen,0.000762
103.797,screen,0.000766
103.843,screen,0.000686
103.879,screen,0.000707
103.928,screen,0.000607
103.963,screen,0.000603
104.008,screen,0.000540
104.046,screen,0.000520
104.084,screen,0.000585
104.129,screen,0.000532
104.163,screen,0.000511
104.203,screen,0.000510
104.249,screen,0.000581
104.285,screen,0.000575
104.327,screen,0.000519
104.364,screen,0.000502
104.410,screen,0.000460
104.447,screen,0.000440
104.486,screen,0.000478
104.529,screen,0.000462
104.566,screen,0.000471
104.609,screen,0.000457
104.646,screen,0.000419
104.686,screen,0.000427
104.729,screen,0.000433
104.766,screen,0.000477
104.810,screen,0.000456
104.847,screen,0.000491
104.889,screen,0.000447
104.928,screen,0.000550
104.966,screen,0.000588
105.012,screen,0.000611
105.047,screen,0.000557
105.088,screen,0.000532
105.129,screen,0.000533
105.168,screen,0.000530
105.209,screen,0.000485
105.250,screen,0.000517
105.291,screen,0.000561
105.328,screen,0.000559
105.369,screen,0.000642
105.409,screen,0.000767
105.449,screen,0.000884
105.488,screen,0.000907
105.529,screen,0.000971
105.568,screen,0.000997
105.610,screen,0.000975
105.650,screen,0.000961
105.691,screen,0.000927
105.733,screen,0.000911
105.770,screen,0.000896
105.813,screen,0.000846
105.850,screen,0.000788
105.893,screen,0.000797
105.933,screen,0.000748
105.975,screen,0.000724
106.012,screen,0.000692
106.051,screen,0.000639
106.093,screen,0.000642
106.134,screen,0.000642
106.174,screen,0.000605
106.215,screen,0.000571
106.254,screen,0.000549
106.297,screen,0.000527
106.333,screen,0.000530
106.375,screen,0.000520
106.415,screen,0.000516
106.455,screen,0.000751
106.499,screen,0.000532
106.533,screen,0.000540
106.577,screen,0.000540
106.614,screen,0.000768
106.657,screen,0.000615
106.697,screen,0.000627
106.735,screen,0.000597
106.779,screen,0.000615
106.813,screen,0.000619
106.854,screen,0.000600
106.895,screen,0.000547
106.944,screen,0.000509
106.977,screen,0.000493
107.016,screen,0.000482
107.059,screen,0.000475
107.096,screen,0.000496
107.136,screen,0.000516
107.178,screen,0.000457
107.216,screen,0.000474
107.263,screen,0.000479
107.297,screen,0.000476
107.336,screen,0.000461
107.379,screen,0.000764
107.416,screen,0.000910
107.460,screen,0.000961
107.496,screen,0.000932
107.542,screen,0.000960
107.581,screen,0.001162
107.618,screen,0.001368
107.660,screen,0.001684
107.698,screen,0.001883
107.738,screen,0.002044
107.778,screen,0.002185
107.824,screen,0.002363
107.861,screen,0.002280
107.901,screen,0.002186
107.944,screen,0.002092
107.982,screen,0.001932
108.020,screen,0.001805
108.063,screen,0.001375
108.100,screen,0.001167
108.144,screen,0.001118
108.181,screen,0.001065
108.220,screen,0.000971
108.262,screen,0.000860
108.301,screen,0.000745
108.344,screen,0.000719
108.382,screen,0.000850
108.424,screen,0.001053
108.465,screen,0.001175
108.502,screen,0.001196
108.546,screen,0.001123
108.585,screen,0.001018
108.626,screen,0.000869
108.665,screen,0.000797
108.701,screen,0.000744
108.746,screen,0.000661
108.783,screen,0.000802
108.828,screen,0.000760
108.864,screen,0.000767
108.907,screen,0.000737
108.946,screen,0.000739
108.984,screen,0.000731
109.027,screen,0.000716
109.065,screen,0.000646
109.107,screen,0.000621
109.146,screen,0.000640
109.184,screen,0.000641
109.229,screen,0.000639
109.265,screen,0.000638
109.309,screen,0.000660
109.346,screen,0.000644
109.383,screen,0.000717
109.425,screen,0.000666
109.463,screen,0.000770
109.504,screen,0.000768
109.548,screen,0.000699
109.585,screen,0.000709
109.626,screen,0.000673
109.667,screen,0.000708
109.707,screen,0.000689
109.744,screen,0.000614
109.780,screen,0.000612
109.826,screen,0.000634
109.865,screen,0.000696
109.903,screen,0.000644
109.946,screen,0.000721
109.986,screen,0.000603
110.031,screen,0.000568
110.068,screen,0.000512
110.113,screen,0.000508
110.147,screen,0.000501
110.193,screen,0.000512
110.231,screen,0.000504
110.268,screen,0.000503
110.313,screen,0.000529
110.347,screen,0.000518
110.395,screen,0.000525
110.431,screen,0.000518
110.473,screen,0.000524
110.512,screen,0.000554
110.550,screen,0.000559
110.594,screen,0.000541
110.631,screen,0.000520
110.672,screen,0.000519
110.712,screen,0.000525
110.750,screen,0.000498
110.796,screen,0.000521
110.832,screen,0.000516
110.877,screen,0.000514
110.912,screen,0.000518
110.952,screen,0.000500
110.997,screen,0.000522
111.032,screen,0.000513
111.074,screen,0.000497
111.113,screen,0.000554
111.151,screen,0.000573
111.197,screen,0.000537
111.235,screen,0.000550
111.276,screen,0.000561
111.313,screen,0.000614
111.354,screen,0.000862
111.396,screen,0.000932
111.431,screen,0.000834
111.478,screen,0.000993
111.514,screen,0.001092
111.555,screen,0.001007
111.595,screen,0.000895
111.631,screen,0.000918
111.674,screen,0.001073
111.707,screen,0.001296
111.742,screen,0.001137
111.773,screen,0.001116
111.807,screen,0.000970
111.840,screen,0.000819
111.874,screen,0.000724
111.908,screen,0.000695
111.940,screen,0.000733
111.975,screen,0.000737
112.008,screen,0.000798
112.042,screen,0.000743
112.074,screen,0.000729
112.107,screen,0.000680
112.141,screen,0.000633
112.174,screen,0.000611
112.210,screen,0.000601
112.245,screen,0.000595
112.276,screen,0.000590
112.308,screen,0.000594
112.340,screen,0.000615
112.377,screen,0.000641
112.408,screen,0.000639
112.441,screen,0.000636
112.473,screen,0.000602
112.506,screen,0.000634
112.534,screen,0.000678
112.573,screen,0.000627
112.603,screen,0.000752
112.639,screen,0.000690
112.669,screen,0.000628
112.705,screen,0.000672
112.744,screen,0.000740
112.773,screen,0.000762
112.808,screen,0.000664
112.841,screen,0.000648
112.873,screen,0.000671
112.910,screen,0.000710
112.941,screen,0.000740
112.974,screen,0.000821
113.008,screen,0.000747
113.041,screen,0.000775
113.074,screen,0.000801
113.106,screen,0.000741
113.143,screen,0.000741
113.175,screen,0.000842
113.207,screen,0.000737
113.240,screen,0.000746
113.272,screen,0.000685
113.304,screen,0.000777
113.336,screen,0.000940
113.369,screen,0.001182
113.407,screen,0.001335
113.436,screen,0.001479
113.472,screen,0.001616
113.504,screen,0.001709
113.542,screen,0.001800
113.576,screen,0.001740
113.607,screen,0.001668
113.641,screen,0.001594
113.675,screen,0.001546
113.708,screen,0.001461
113.745,screen,0.001419
113.774,screen,0.001385
113.808,screen,0.001394
113.841,screen,0.001319
113.872,screen,0.001293
113.906,screen,0.001228
113.941,screen,0.001098
113.974,screen,0.000938
114.008,screen,0.000812
114.040,screen,0.000733
114.075,screen,0.000679
114.108,screen,0.000719
114.139,screen,0.000706
114.174,screen,0.000694
114.205,screen,0.000715
114.239,screen,0.000666
114.274,screen,0.000782
114.308,screen,0.000732
114.340,screen,0.000712
114.373,screen,0.000683
114.408,screen,0.000662
114.441,screen,0.000659
114.475,screen,0.000692
114.507,screen,0.000645
114.545,screen,0.000637
114.572,screen,0.000595
114.607,screen,0.000593
114.641,screen,0.000595
114.676,screen,0.000614
114.707,screen,0.000606
114.742,screen,0.000611
114.774,screen,0.000603
114.810,screen,0.000634
114.840,screen,0.000668
114.875,screen,0.000685
114.906,screen,0.000699
114.940,screen,0.000751
114.975,screen,0.000818
115.008,screen,0.000728
115.041,screen,0.000681
115.142,screen,0.000592
115.909,screen,0.000614
115.952,screen,0.000661
115.989,screen,0.000621
116.032,screen,0.000583
116.074,screen,0.000583
116.111,screen,0.000605
116.152,screen,0.000598
116.192,screen,0.000598
116.234,screen,0.000562
116.273,screen,0.000520
116.312,screen,0.000503
116.353,screen,0.000481
116.393,screen,0.000501
116.432,screen,0.000492
116.475,screen,0.000497
116.511,screen,0.000511
116.553,screen,0.000496
116.595,screen,0.000493
116.635,screen,0.000498
116.676,screen,0.000504
116.712,screen,0.000511
116.755,screen,0.000532
116.798,screen,0.000543
116.835,screen,0.000525
116.874,screen,0.000520
116.914,screen,0.000520
116.956,screen,0.000515
116.995,screen,0.000503
117.034,screen,0.000548
117.076,screen,0.000498
117.115,screen,0.000526
117.158,screen,0.000519
117.196,screen,0.000525
117.237,screen,0.000522
117.278,screen,0.000498
117.317,screen,0.000489
117.356,screen,0.000470
117.396,screen,0.000474
117.438,screen,0.000472
117.478,screen,0.000473
117.516,screen,0.000485
117.554,screen,0.000458
117.596,screen,0.000543
117.636,screen,0.000629
117.679,screen,0.000629
118.678,screen,0.000592
118.714,screen,0.000638
118.756,screen,0.000694
118.797,screen,0.000834
118.839,screen,0.000619
118.882,screen,0.000610
118.922,screen,0.000627
118.965,screen,0.000522
119.003,screen,0.000525
119.044,screen,0.000563
119.084,screen,0.000643
119.123,screen,0.000633
119.162,screen,0.000632
119.204,screen,0.000661
119.247,screen,0.000644
119.282,screen,0.000648
119.324,screen,0.000643
119.364,screen,0.000604
119.403,screen,0.000601
119.444,screen,0.000553
119.483,screen,0.000645
119.522,screen,0.000674
119.563,screen,0.000773
119.601,screen,0.000866
119.645,screen,0.000814
119.683,screen,0.000793
119.728,screen,0.000789
119.765,screen,0.000760
119.806,screen,0.000728
119.846,screen,0.000704
119.886,screen,0.000691
119.927,screen,0.000623
119.967,screen,0.000646
120.008,screen,0.000612
120.047,screen,0.000559
120.084,screen,0.000531
120.123,screen,0.000566
120.163,screen,0.000671
120.205,screen,0.000763
120.246,screen,0.000843
120.283,screen,0.000905
120.324,screen,0.000716
120.368,screen,0.000741
120.410,screen,0.000621
120.447,screen,0.000608
120.488,screen,0.000587
120.529,screen,0.000619
120.568,screen,0.000662
120.597,screen,0.000720
120.632,screen,0.000713
120.668,screen,0.000665
120.699,screen,0.000655
120.734,screen,0.000626
120.769,screen,0.000610
120.799,screen,0.000587
120.833,screen,0.000596
120.866,screen,0.000591
120.900,screen,0.000673
120.934,screen,0.000653
120.968,screen,0.000682
121.000,screen,0.000716
121.034,screen,0.000727
121.067,screen,0.000710
121.100,screen,0.000664
121.131,screen,0.000725
121.166,screen,0.000776
121.199,screen,0.000907
121.232,screen,0.001053
121.265,screen,0.001132
121.297,screen,0.001250
121.331,screen,0.001291
121.365,screen,0.001352
121.399,screen,0.001377
121.433,screen,0.001470
121.465,screen,0.001495
121.499,screen,0.001416
121.533,screen,0.001387
121.567,screen,0.001429
121.600,screen,0.001382
121.635,screen,0.001410
121.666,screen,0.001327
121.701,screen,0.001209
121.733,screen,0.001103
121.766,screen,0.001030
121.800,screen,0.000996
121.833,screen,0.000868
121.865,screen,0.000841
121.899,screen,0.000855
121.932,screen,0.000875
121.965,screen,0.000953
122.000,screen,0.001002
122.033,screen,0.001023
122.064,screen,0.000960
122.100,screen,0.000777
122.134,screen,0.000771
122.166,screen,0.000719
122.198,screen,0.000725
122.234,screen,0.000728
122.266,screen,0.000775
122.299,screen,0.000774
122.332,screen,0.000811
122.366,screen,0.000857
122.398,screen,0.000882
122.435,screen,0.001027
122.466,screen,0.001180
122.501,screen,0.001158
122.532,screen,0.001092
122.567,screen,0.001074
122.598,screen,0.001041
122.633,screen,0.000929
122.666,screen,0.000728
122.699,screen,0.000682
122.733,screen,0.000775
122.765,screen,0.000877
122.799,screen,0.000938
122.833,screen,0.000967
122.867,screen,0.000928
122.899,screen,0.000882
122.933,screen,0.000849
123.514,screen,0.000783
123.548,screen,0.000735
123.582,screen,0.000783
123.615,screen,0.000901
123.646,screen,0.001001
123.685,screen,0.001222
123.713,screen,0.001336
123.746,screen,0.001322
123.779,screen,0.001308
123.814,screen,0.001224
123.847,screen,0.001181
123.879,screen,0.001105
123.912,screen,0.001052
123.946,screen,0.001023
123.974,screen,0.000979
124.012,screen,0.000922
124.047,screen,0.000868
124.079,screen,0.000820
124.113,screen,0.000792
124.138,screen,0.000757
124.661,screen,0.000857
124.698,screen,0.000857
124.729,screen,0.000940
124.763,screen,0.001164
124.797,screen,0.001281
124.830,screen,0.001296
124.863,screen,0.001397
124.897,screen,0.001438
124.930,screen,0.001402
124.964,screen,0.001317
124.996,screen,0.001488
125.031,screen,0.001385
125.065,screen,0.001051
125.096,screen,0.000795
125.130,screen,0.000845
125.163,screen,0.000717
125.196,screen,0.000676
125.230,screen,0.000676
125.263,screen,0.000650
125.297,screen,0.000632
125.330,screen,0.000661
125.363,screen,0.000661
125.398,screen,0.000620
125.429,screen,0.000586
125.465,screen,0.000571
125.495,screen,0.000560
125.530,screen,0.000556
125.564,screen,0.000561
125.598,screen,0.000566
125.630,screen,0.000578
125.664,screen,0.000584
125.697,screen,0.000619
125.730,screen,0.000657
125.763,screen,0.000749
125.799,screen,0.000945
125.829,screen,0.001185
125.863,screen,0.001225
125.896,screen,0.001457
125.928,screen,0.001544
125.961,screen,0.001448
125.991,screen,0.001383
126.433,screen,0.027912
126.463,screen,0.071612
126.499,screen,0.060790
126.536,screen,0.098525
126.568,screen,0.097047
126.603,screen,0.090562
126.635,screen,0.095678
126.670,screen,0.097303
126.704,screen,0.080196
126.736,screen,0.086773
126.770,screen,0.075801
126.804,screen,0.089076
